{
  "lang":"en",
  "name":"pipeline",
  "version":"0.0.0",
  "spacy_version":">=3.7.2,<3.8.0",
  "description":"",
  "author":"",
  "email":"",
  "url":"",
  "license":"",
  "spacy_git_version":"a89eae928",
  "vectors":{
    "width":0,
    "vectors":0,
    "keys":0,
    "name":null,
    "mode":"default"
  },
  "labels":{
    "tok2vec":[

    ],
    "ner":[
      "B-DES",
      "B-EMAIL",
      "B-NAME",
      "B-ORG",
      "B-PHOE",
      "B-PHONE",
      "B-WEB",
      "DES",
      "EMAIL",
      "I-DE",
      "I-DES",
      "I-EMAIL",
      "I-NAME",
      "I-OR",
      "I-ORG",
      "I-PHONE",
      "I-WEB",
      "NAME",
      "ORG",
      "PHONE"
    ]
  },
  "pipeline":[
    "tok2vec",
    "ner"
  ],
  "components":[
    "tok2vec",
    "ner"
  ],
  "disabled":[

  ],
  "performance":{
    "ents_f":0.6319702602,
    "ents_p":0.6910569106,
    "ents_r":0.5821917808,
    "ents_per_type":{
      "B-ORG":{
        "p":0.6666666667,
        "r":0.3846153846,
        "f":0.487804878
      },
      "I-ORG":{
        "p":0.7209302326,
        "r":0.5535714286,
        "f":0.6262626263
      },
      "B-DES":{
        "p":0.5652173913,
        "r":0.8125,
        "f":0.6666666667
      },
      "I-DES":{
        "p":0.8125,
        "r":0.7647058824,
        "f":0.7878787879
      },
      "B-PHONE":{
        "p":0.5348837209,
        "r":0.6388888889,
        "f":0.582278481
      },
      "B-EMAIL":{
        "p":1.0,
        "r":0.8571428571,
        "f":0.9230769231
      },
      "B-WEB":{
        "p":0.875,
        "r":0.8235294118,
        "f":0.8484848485
      },
      "I-PHONE":{
        "p":0.7096774194,
        "r":0.4782608696,
        "f":0.5714285714
      },
      "I-NAME":{
        "p":0.652173913,
        "r":0.6,
        "f":0.625
      },
      "B-NAME":{
        "p":0.5833333333,
        "r":0.3684210526,
        "f":0.4516129032
      },
      "I-EMAIL":{
        "p":0.5,
        "r":0.4,
        "f":0.4444444444
      },
      "I-WEB":{
        "p":1.0,
        "r":1.0,
        "f":1.0
      },
      "NAME":{
        "p":0.0,
        "r":0.0,
        "f":0.0
      },
      "WEB":{
        "p":0.0,
        "r":0.0,
        "f":0.0
      },
      "PHONE":{
        "p":0.0,
        "r":0.0,
        "f":0.0
      }
    },
    "tok2vec_loss":640.4557324189,
    "ner_loss":419.5618031962
  }
}