{
  "lang":"en",
  "name":"pipeline",
  "version":"0.0.0",
  "spacy_version":">=3.7.2,<3.8.0",
  "description":"",
  "author":"",
  "email":"",
  "url":"",
  "license":"",
  "spacy_git_version":"a89eae928",
  "vectors":{
    "width":0,
    "vectors":0,
    "keys":0,
    "name":null,
    "mode":"default"
  },
  "labels":{
    "tok2vec":[

    ],
    "ner":[
      "B-DES",
      "B-EMAIL",
      "B-NAME",
      "B-ORG",
      "B-PHOE",
      "B-PHONE",
      "B-WEB",
      "DES",
      "EMAIL",
      "I-DE",
      "I-DES",
      "I-EMAIL",
      "I-NAME",
      "I-OR",
      "I-ORG",
      "I-PHONE",
      "I-WEB",
      "NAME",
      "ORG",
      "PHONE"
    ]
  },
  "pipeline":[
    "tok2vec",
    "ner"
  ],
  "components":[
    "tok2vec",
    "ner"
  ],
  "disabled":[

  ],
  "performance":{
    "ents_f":0.6654676259,
    "ents_p":0.7007575758,
    "ents_r":0.6335616438,
    "ents_per_type":{
      "B-ORG":{
        "p":0.7333333333,
        "r":0.4230769231,
        "f":0.5365853659
      },
      "I-ORG":{
        "p":0.68,
        "r":0.6071428571,
        "f":0.641509434
      },
      "I-DES":{
        "p":0.6956521739,
        "r":0.9411764706,
        "f":0.8
      },
      "B-PHONE":{
        "p":0.6388888889,
        "r":0.6388888889,
        "f":0.6388888889
      },
      "B-EMAIL":{
        "p":0.9473684211,
        "r":0.8571428571,
        "f":0.9
      },
      "B-WEB":{
        "p":0.7368421053,
        "r":0.8235294118,
        "f":0.7777777778
      },
      "I-PHONE":{
        "p":0.7234042553,
        "r":0.7391304348,
        "f":0.7311827957
      },
      "I-NAME":{
        "p":0.6363636364,
        "r":0.56,
        "f":0.5957446809
      },
      "B-DES":{
        "p":0.7647058824,
        "r":0.8125,
        "f":0.7878787879
      },
      "B-NAME":{
        "p":0.5,
        "r":0.3157894737,
        "f":0.3870967742
      },
      "I-WEB":{
        "p":0.0,
        "r":0.0,
        "f":0.0
      },
      "NAME":{
        "p":0.0,
        "r":0.0,
        "f":0.0
      },
      "WEB":{
        "p":0.0,
        "r":0.0,
        "f":0.0
      },
      "I-EMAIL":{
        "p":0.5,
        "r":0.4,
        "f":0.4444444444
      },
      "PHONE":{
        "p":0.0,
        "r":0.0,
        "f":0.0
      }
    },
    "tok2vec_loss":728.5623520409,
    "ner_loss":1230.7672334131
  }
}